id,title,card_type,trait,mp,effect,strength,intelligence,special,image_url,preview_url,previewer
C1-JL,Alfred Pennyworth - Butler,Character,Hero,1,PUSH: Place this card on top of its owner's deck to search your deck for a Character and place it in your hand.,1,,,http://metaxdb.com/images/C1-JL.jpg,,
C2-JL,Amanda Waller - The Wall,Character,Hero,4,CONSTANT: Your Villain Characters may Link to a Team Attack for 0 MP on the turn they enter play.,3,,5,http://metaxdb.com/images/C2-JL.jpg,,
C3-JL,Black Canary - Dinah Lance,Character,Hero,2,PLAY: Negate the effects of target Character until the end of your next turn.,5,3,,http://metaxdb.com/images/C3-JL.jpg,,
C4-JL,Hawkgirl - Gravity-Defying Nth,Character,Hero,3,CONSTANT: Negate any effects that would move a card in a discard pile to a different zone.,5,,3,http://metaxdb.com/images/C4-JL.jpg,,
C5-JL,Deadman - Boston Brand,Character,Hero,2,PLAY: Place a Battle Card from your discard pile into your hand.,2,,5,http://metaxdb.com/images/C5-JL.jpg,,
C6-JL,Firestorm - Nuclear Man,Character,Hero,2,PUSH: KO this card to KO target Character.,3,,6,http://metaxdb.com/images/C6-JL.jpg,,
C7-JL,Hawkman - Carter Hall,Character,Hero,3,PLAY: Each player draws 2 cards.,5,3,,http://metaxdb.com/images/C7-JL.jpg,,
C8-JL,Martian Manhunter - J'onn J'onzz,Character,Hero,3,CONSTANT: This card may use any Battle Card when defending.,5,5,,http://metaxdb.com/images/C8-JL.jpg,,
C9-JL,Red Tornado - John Smith,Character,Hero,3,"CONSTANT: Whenever this card gains a VP, draw 2 cards.",,4,5,http://metaxdb.com/images/C9-JL.jpg,,
C10-JL,Starfire - Koriand'r,Character,Hero,1,PLAY: Attach a Battle Card with a rank of 7 from your discard pile to target Character.,,4,6,http://metaxdb.com/images/C10-JL.jpg,,
C11-JL,Superboy - Kon-El,Character,Hero,3,"PLAY: Choose an attached Battle Card, then return it to its owner's hand or discard it.",6,,5,http://metaxdb.com/images/C11-JL.jpg,,
C12-JL,Mister Freeze - Victor Fries,Character,Villain,3,CONSTANT: Characters with a rank of 7 have their effects negated and cannot defend.,4,,5,http://metaxdb.com/images/C12-JL.jpg,,
C13-JL,Bane - Professional Criminal,Character,Villain,3,PLAY: Discard the top 2 cards of your opponent's deck.,6,5,,http://metaxdb.com/images/C13-JL.jpg,,
C14-JL,Scarecrow - Jonathan Crane,Character,Villain,2,"CONSTANT: Whenever this card pushes to attack, your opponent loses 2 MP.",,3,5,http://metaxdb.com/images/C14-JL.jpg,,
C15-JL,General Zod - Dru-Zod,Character,Villain,2,"CONSTANT: While you control only Villain Characters, your opponent's ""constant"" effects are negated.",6,,3,http://metaxdb.com/images/C15-JL.jpg,,
C16-JL,Poison Ivy - Pamela Isley,Character,Villain,2,"CONSTANT: At the start of your turn, gain 2 MP.",,3,5,http://metaxdb.com/images/C16-JL.jpg,,
C17-JL,Ra's Al Ghul - The Demon's Head,Character,Villain,0,PLAY: You may play a Character from your discard pile with a maximum rank of 5 or less.,3,6,,http://metaxdb.com/images/C17-JL.jpg,,
C18-JL,Absence of Fear,Event,,-5,"Your opponent shuffles his or her hand into his or her deck, then draws 5 cards.",,,,http://metaxdb.com/images/C18-JL.jpg,,
C19-JL,Leap Into Action,Event,,-2,Search your deck for a Hero Character with a rank of 7 or a Battle Card with a rank of 7 and place it in your hand.,,,,http://metaxdb.com/images/C19-JL.jpg,,
C20-JL,Birds of a Feather,Event,,-1,Each player draws 2 cards.,,,,http://metaxdb.com/images/C20-JL.jpg,,
C21-JL,Disgraced,Event,,-5,"KO target Character with a ""constant"" effect, or draw 2 cards if there are no Characters with a ""constant"" effect in play.",,,,http://metaxdb.com/images/C21-JL.jpg,,
C22-JL,Echolocation,Event,,-4,Look at your opponent's hand and choose a card. Your opponent discards that card.,,,,http://metaxdb.com/images/C22-JL.jpg,,
C23-JL,Rise from the Ashes,Event,,-3,Search your discard pile for a Character and place it in your hand.,,,,http://metaxdb.com/images/C23-JL.jpg,,
C24-JL,Injustice,Event,,-1,Characters lose all effects until the end of your next turn. Draw a card.,,,,http://metaxdb.com/images/C24-JL.jpg,,
C25-JL,Battle Frenzy,Event,,-4,"At the end of your turn, draw a card for each Battle Card played this turn.",,,,http://metaxdb.com/images/C25-JL.jpg,,
C26-JL,Lose the Battle to Win the War,Event,,-2,"Return an attached Battle Card to its owner's hand, then shuffle this card into its owner's deck.",,,,http://metaxdb.com/images/C26-JL.jpg,,
C27-JL,Overboard,Event,,-2,Discard a Character from your hand with a maximum rank of 5 or less to draw 2 cards.,,,,http://metaxdb.com/images/C27-JL.jpg,,
C28-JL,Combat Mastery,Event,,-1,"Until the end of your next turn, your Characters may use any Battle Cards. Draw a card.",,,,http://metaxdb.com/images/C28-JL.jpg,,
C29-JL,Resurrection of Power,Event,,0,"KO any number of Characters you control, then draw a card for each Character KO'd this way.",,,,http://metaxdb.com/images/C29-JL.jpg,,
C30-JL,Reinforcements,Event,,-2,"Shuffle 2 Battle Cards from your discard pile into your deck, then draw a card.",,,,http://metaxdb.com/images/C30-JL.jpg,,
C31-JL,Strength 1,Battle,,2,"Draw a card, then discard a card from your hand.",1,,,http://metaxdb.com/images/C31-JL.jpg,,
C32-JL,Intelligence 1,Battle,,2,ATTACK: This attack can only be defended by Characters with an Intelligence Stat.,,1,,http://metaxdb.com/images/C32-JL.jpg,,
C33-JL,Special 1,Battle,,0,Draw a card.,,,1,http://metaxdb.com/images/C33-JL.jpg,,
C34-JL,Special 1,Battle,,2,"DEFEND: Until the end of the turn, Battle Cards cannot be attached to the Character using this card.",,,1,http://metaxdb.com/images/C34-JL.jpg,,
C35-JL,Strength 2,Battle,,2,"If this card is used by a Hero Character, you may discard an attached Battle Card.",2,,,http://metaxdb.com/images/C35-JL.jpg,,
C36-JL,Strength 2,Battle,,2,"DEFEND: If this card KO's a Character, gain 2 MP.",2,,,http://metaxdb.com/images/C36-JL.jpg,,
C37-JL,Strength 2,Battle,,3,Each player draws a card.,2,,,http://metaxdb.com/images/C37-JL.jpg,,
C38-JL,Intelligence 2,Battle,,1,"Draw 2 cards, then place a card from your hand to the bottom of your deck.",,2,,http://metaxdb.com/images/C38-JL.jpg,,
C39-JL,Special 2,Battle,,1,Negate the effects of target Character until the end of your next turn.,,,2,http://metaxdb.com/images/C39-JL.jpg,,
C40-JL,Strength 3,Battle,,0,"Discard the top 2 cards of your deck, then draw a card.",3,,,http://metaxdb.com/images/C40-JL.jpg,,
C41-JL,Special 7,Battle,,0,"If you control ""Batman"", ""Superman"" and ""Wonder Woman"", draw 3 cards.",,,7,http://metaxdb.com/images/C41-JL.jpg,,
C42-JL,Intelligence 3,Battle,,2,Shuffle a Character from your discard pile into your deck.,,3,,http://metaxdb.com/images/C42-JL.jpg,,
C43-JL,Intelligence 3,Battle,,-2,Search your discard pile for a Battle Card with a maximum rank of 2 or less and place it into your hand.,,3,,http://metaxdb.com/images/C43-JL.jpg,,
C44-JL,Special 3,Battle,,-2,Search your discard pile for a Battle Card with a rank or 6 or 7 and place it in your hand.,,,3,http://metaxdb.com/images/C44-JL.jpg,,
C45-JL,Strength 4,Battle,,0,"ATTACK: If the Character using this card has a maximum rank or 5 or less, draw a card.",4,,,http://metaxdb.com/images/C45-JL.jpg,,
C46-JL,Intelligence 4,Battle,,0,Search your deck for a Battle Card with a rank of 5 and place it into your hand.,,4,,http://metaxdb.com/images/C46-JL.jpg,,
C47-JL,Special 4,Battle,,4,This card cannot be used by a Character with a rank of 6 or higher.,,,4,http://metaxdb.com/images/C47-JL.jpg,,
C48-JL,Special 4,Battle,,2,Each player discards a card from their hand.,,,4,http://metaxdb.com/images/C48-JL.jpg,,
C49-JL,Special 4,Battle,,0,Your Characters that entered play this turn may attack.,,,4,http://metaxdb.com/images/C49-JL.jpg,,
C50-JL,Strength 5,Battle,,1,ATTACK: This attack can only be defended by a Character with a maximum rank of 5 or less.,5,,,http://metaxdb.com/images/C50-JL.jpg,,
C51-JL,Intelligence 5,Battle,,0,ATTACK: Shuffle a Battle Card from your discard pile into your deck.,,5,,http://metaxdb.com/images/C51-JL.jpg,,
C52-JL,Intelligence 5,Battle,,0,"Look at the top 2 cards of your opponent's deck, then place them on the top of their deck in any order.",,5,,http://metaxdb.com/images/C52-JL.jpg,,
C53-JL,Special 5,Battle,,-1,"If you have less MP than your opponent, gain 3 MP.",,,5,http://metaxdb.com/images/C53-JL.jpg,,
C54-JL,Strength 6,Battle,,0,The next Battle Card you play this turn has its MP cost reduced by -2.,6,,,http://metaxdb.com/images/C54-JL.jpg,,
C55-JL,Intelligence 6,Battle,,-1,Look at your opponent's hand.,,6,,http://metaxdb.com/images/C55-JL.jpg,,
C56-JL,Special 6,Battle,,-2,DEFEND: Draw a card for each Character with a rank of 7 in the Battle Zone.,,,6,http://metaxdb.com/images/C56-JL.jpg,,
C57-JL,Strength 7,Battle,,-2,The next Battle Card you play this turn has its MP cost reduced to 0.,7,,,http://metaxdb.com/images/C57-JL.jpg,,
C58-JL,Intelligence 7,Battle,,-1,"Look at the top 3 cards of your deck, then place them on the top or bottom of your deck in any order.",,7,,http://metaxdb.com/images/C58-JL.jpg,,
C59-JL,Strength 3,Battle,,-2,Target Character cannot defend this turn.,3,,,http://metaxdb.com/images/C59-JL.jpg,,
C60-JL,Special 7,Battle,,0,ATTACK: Discard the top 2 cards of each player's deck.,,,7,http://metaxdb.com/images/C60-JL.jpg,,
U61-JL,Batgirl - Barbara Gordon,Character,Hero,3,CONSTANT: This card may Link to a Team Attack for 0 MP.,4,5,,http://metaxdb.com/images/U61-JL.jpg,,
U62-JL,Batman - Dark Knight,Character,Hero,3,PLAY: Push target Character.,2,7,6,http://metaxdb.com/images/U62-JL.jpg,,
U63-JL,Blue Beetle - Ted Kord,Character,Hero,4,PLAY: You may play another Character with a maximum rank of 5 or less.,3,5,,http://metaxdb.com/images/U63-JL.jpg,,
U64-JL,Vixen - Mari McCabe,Character,Hero,2,"CONSTANT: Whenever you discard 1 or more cards from your hand, draw a card.",3,,5,http://metaxdb.com/images/U64-JL.jpg,,
U65-JL,Cyborg - Victor Stone,Character,Hero,3,"PLAY: Draw 2 cards, then discard 2 cards from your hand.",4,,5,http://metaxdb.com/images/U65-JL.jpg,,
U66-JL,Green Arrow - Emerald Archer,Character,Hero,2,PUSH: Attach a Battle Card with a maximum rank of 5 or less from your hand to target Character.,2,3,5,http://metaxdb.com/images/U66-JL.jpg,,
U67-JL,Green Lantern - Hal Jordan,Character,Hero,2,PUSH: Draw a card.,,3,6,http://metaxdb.com/images/U67-JL.jpg,,
U68-JL,Nightwing - Dick Grayson,Character,Hero,3,"CONSTANT: Whenever this card leads a Team Attack, gain 1 VP.",,4,6,http://metaxdb.com/images/U68-JL.jpg,,
U69-JL,Krypto - The Super Dog,Character,Hero,2,"CONSTANT: At the end of each player's turn, that player draws a card.",,,5,http://metaxdb.com/images/U69-JL.jpg,,
U70-JL,Robin - Boy Wonder,Character,Hero,2,PLAY: Draw cards until you have the same amount in your hand as your opponent.,3,,5,http://metaxdb.com/images/U70-JL.jpg,,
U71-JL,Supergirl - Kara Zor-El,Character,Hero,0,PLAY: Each player reveals their hand and discards all Events revealed.,6,3,,http://metaxdb.com/images/U71-JL.jpg,,
U72-JL,Superman - Man of Steel,Character,Hero,2,PLAY: Draw a card.,7,3,5,http://metaxdb.com/images/U72-JL.jpg,,
U73-JL,Brainiac - Collector of Worlds,Character,Villain,1,PUSH: KO a different Character you control to gain 4 MP.,1,7,,http://metaxdb.com/images/U73-JL.jpg,,
U74-JL,Harley Quinn - Former Psychiatrist,Character,Villain,3,"CONSTANT: When this card is KO'd by Damage during the Battle Step, gain 1 VP.",2,4,5,http://metaxdb.com/images/U74-JL.jpg,,
U75-JL,Sinestro - Intergalactic Criminal,Character,Villain,1,"PLAY: The next time your opponent would draw 1 card, skip it.",3,,6,http://metaxdb.com/images/U75-JL.jpg,,
U76-JL,Solomon Grundy - Cyrus Gold,Character,Villain,1,CONSTANT: This card can only be KO'd by 8 points of Damage.,6,,,http://metaxdb.com/images/U76-JL.jpg,,
U77-JL,Victorious,Event,,-9,Gain control of target Character.,,,,http://metaxdb.com/images/U77-JL.jpg,,
U78-JL,Unexpected Turnaround,Event,,-8,Return all Characters to their owner's hands.,,,,http://metaxdb.com/images/U78-JL.jpg,,
U79-JL,Transfer of Power,Event,,-3,"Use the ""when played"" effect of target Hero Character, then draw a card.",,,,http://metaxdb.com/images/U79-JL.jpg,,
U80-JL,Don't Go It Alone,Event,,0,You may Link a Character this turn for 0 MP.,,,,http://metaxdb.com/images/U80-JL.jpg,,
U81-JL,Point Blank,Event,,-4,"Draw 3 cards, then discard 2 cards from your hand unless you discard a Character with a rank of 7.",,,,http://metaxdb.com/images/U81-JL.jpg,,
U82-JL,Joke's On You,Event,,-1,"Place 2 Battle Cards from your discard pile into your hand, then discard a random card from your hand.",,,,http://metaxdb.com/images/U82-JL.jpg,,
U83-JL,Passion for the Hunt,Event,,-2,Search your deck for a Battle Card and place it in your hand.,,,,http://metaxdb.com/images/U83-JL.jpg,,
U84-JL,Power Corrupts,Event,,-3,Attacks from target Character cannot be defended this turn.,,,,http://metaxdb.com/images/U84-JL.jpg,,
U85-JL,Push and Pull,Event,,-4,"If you control at least two Characters with a maximum rank of 5 or less, draw 3 cards.",,,,http://metaxdb.com/images/U85-JL.jpg,,
U86-JL,Rebirth,Event,,-1,Shuffle 3 non-Event cards from your discard pile into your deck.,,,,http://metaxdb.com/images/U86-JL.jpg,,
U87-JL,Upper Hand,Event,,-4,Draw 2 cards.,,,,http://metaxdb.com/images/U87-JL.jpg,,
U88-JL,Sleight of Hand,Event,,0,"Look at your opponent's VP pile and choose a card, then swap this card facedown with the chosen card.",,,,http://metaxdb.com/images/U88-JL.jpg,,
U89-JL,Paralysis,Event,,-4,Characters cannot attack until the end of your next turn.,,,,http://metaxdb.com/images/U89-JL.jpg,,
U90-JL,Strength in Numbers,Event,,-1,"If you perform a Team Attack this turn, draw 2 cards.",,,,http://metaxdb.com/images/U90-JL.jpg,,
U91-JL,Meta Superiority,Event,,-2,Attach a Battle Card from your hand to target Character.,,,,http://metaxdb.com/images/U91-JL.jpg,,
U92-JL,Strength / Intelligence / Special 1,Battle,,0,"ATTACK: If you gain a VP from this attack, you may pay -1 MP to return this card to its owner's hand.",1,1,1,http://metaxdb.com/images/U92-JL.jpg,,
U93-JL,Intelligence 4,Battle,,-1,"DEFEND: If this card is used by a Villain Character, place a Character from a discard pile on top of its owner's deck.",,4,,http://metaxdb.com/images/U93-JL.jpg,,
U94-JL,Strength / Intelligence / Special 4,Battle,,2,,4,4,4,http://metaxdb.com/images/U94-JL.jpg,,
U95-JL,Strength / Intelligence / Special 5,Battle,,-2,"If this card is used in a Team Attack, draw 2 cards.",5,5,5,http://metaxdb.com/images/U95-JL.jpg,,
U96-JL,Intelligence 6,Battle,,-3,DEFEND: Target an attacking Character. KO that Character at the end of the turn.,,6,,http://metaxdb.com/images/U96-JL.jpg,,
U97-JL,Special 6,Battle,,-2,Draw a card.,,,6,http://metaxdb.com/images/U97-JL.jpg,,
U98-JL,Strength 7,Battle,,-1,DEFEND: Discard the top 3 cards of your deck to push up to 2 target Characters.,7,,,http://metaxdb.com/images/U98-JL.jpg,,
U99-JL,Intelligence 7,Battle,,-2,ATTACK: This attack cannot be defended.,,7,,http://metaxdb.com/images/U99-JL.jpg,,
U100-JL,Special 7,Battle,,-1,DEFEND: Discard all Battle Cards attached to the Character using this card.,,,7,http://metaxdb.com/images/U100-JL.jpg,,
R101-JL,Aquaman - Arthur Curry,Character,Hero,3,CONSTANT: This card cannot be targeted.,6,,5,http://metaxdb.com/images/R101-JL.jpg,,
R102-JL,Atom - Ray Palmer,Character,Hero,4,"CONSTANT: At the end of your turn, return target Character with a rank of 7 to its owner's hand.",1,,1,http://metaxdb.com/images/R102-JL.jpg,,
R103-JL,Doctor Fate - Agent of the Lords of Order,Character,Hero,0,PLAY: You may KO this card to place a random card from your opponent's VP pile into your hand.,1,,7,http://metaxdb.com/images/R103-JL.jpg,,
R104-JL,John Constantine - Occult Detective,Character,Hero,2,"CONSTANT: Negate all ""when played"" effects.",,5,6,http://metaxdb.com/images/R104-JL.jpg,,
R105-JL,Shazam - Captain Marvel,Character,Hero,3,PUSH: Return this card to its owner's hand.,7,,5,http://metaxdb.com/images/R105-JL.jpg,,
R106-JL,The Flash - Scarlet Speedster,Character,Hero,1,PLAY: This card may attack on the turn it enters play.,2,,6,http://metaxdb.com/images/R106-JL.jpg,,
R107-JL,Wonder Woman - Amazon Princess,Character,Hero,2,PUSH: Discard a card from your hand to KO target Character with a rank of 7.,6,4,6,http://metaxdb.com/images/R107-JL.jpg,,
R108-JL,Zatanna - Magician,Character,Hero,1,"CONSTANT: At the beginning of your turn, shuffle this card into its owner's deck to shuffle target Character into its owner's deck.",2,,6,http://metaxdb.com/images/R108-JL.jpg,,
R109-JL,Bizarro - Imperfect Duplicate,Character,Villain,0,PLAY: Gain the effects of target Character (until Bizzarro leaves play).,,5,5,http://metaxdb.com/images/R109-JL.jpg,,
R110-JL,Black Adam - Teth-Adam,Character,Villain,5,PLAY: Discard a card from your hand.,7,,6,http://metaxdb.com/images/R110-JL.jpg,,
R111-JL,Darkseid - Uxas,Character,Villain,1,"CONSTANT: The first time each turn one of your Characters with a maximum rank of 5 pushes to attack, draw a card.",,5,6,http://metaxdb.com/images/R111-JL.jpg,,
R112-JL,Deathstroke - Slade Wilson,Character,Villain,1,PLAY: KO target pushed Character.,4,4,6,http://metaxdb.com/images/R112-JL.jpg,,
R113-JL,Doomsday - Destroyer,Character,Villain,2,CONSTANT: Negate the effects of Battle Cards.,7,1,,http://metaxdb.com/images/R113-JL.jpg,,
R114-JL,Lex Luther - CEO of Lexcorp,Character,Villain,2,PLAY: KO target Character with a rank of 7.,,7,5,http://metaxdb.com/images/R114-JL.jpg,,
R115-JL,The Joker - Clown Prince of Crime,Character,Villain,2,"PLAY: Each player shuffles their hand into their deck, then draws the same amount of cards back.",,6,6,http://metaxdb.com/images/R115-JL.jpg,,
R116-JL,Against the Current,Event,,0,"Look at your opponent's hand. If you control a Character with a maximum rank of 5 or less, draw a card.",,,,http://metaxdb.com/images/R116-JL.jpg,,
R117-JL,Come and Take It,Event,,-3,Play a Character or Event from your opponent's discard pile as though it were in your hand.,,,,http://metaxdb.com/images/R117-JL.jpg,,
R118-JL,Evil Parade,Event,,-7,KO all Characters.,,,,http://metaxdb.com/images/R118-JL.jpg,,
R119-JL,Knockout,Event,,-5,KO a Character you control to KO target Character.,,,,http://metaxdb.com/images/R119-JL.jpg,,
R120-JL,Microscopic Victory,Event,,-9,Gain 1 VP.,,,,http://metaxdb.com/images/R120-JL.jpg,,
R121-JL,Showdown,Event,,-6,"Each player chooses a Character under their control, then all other Characters are KO'd.",,,,http://metaxdb.com/images/R121-JL.jpg,,
R122-JL,Right on Target,Event,,-6,Return target Character to its owner's hand.,,,,http://metaxdb.com/images/R122-JL.jpg,,
R123-JL,Ingenuity,Event,,-5,"Discard your hand, then draw 5 cards.",,,,http://metaxdb.com/images/R123-JL.jpg,,
R124-JL,Teleportation,Event,,-5,Return a Character you control to your hand to return target Character to its owner's hand.,,,,http://metaxdb.com/images/R124-JL.jpg,,
R125-JL,With Friends Like These,Event,,-4,KO all Characters with Damage attached and shuffle those attached Battle Cards into their owner's decks.,,,,http://metaxdb.com/images/R125-JL.jpg,,
R126-JL,Inherent Weakness,Event,,-5,Attach a Battle Card from your discard pile to target Character.,,,,http://metaxdb.com/images/R126-JL.jpg,,
R127-JL,Intelligence 1,Battle,,-1,"Draw 3 cards, then place 2 cards from your hand on top of your deck.",,1,,http://metaxdb.com/images/R127-JL.jpg,,
R128-JL,Special 2,Battle,,0,"ATTACK: If you have played another Battle Card with a maximum rank of 5 or less this turn, draw 2 cards.",,,2,http://metaxdb.com/images/R128-JL.jpg,,
R129-JL,Intelligence 3,Battle,,3,DEFEND: Push target Character.,,3,,http://metaxdb.com/images/R129-JL.jpg,,
R130-JL,Special 3,Battle,,1,"ATTACK: If this attack is defended, return this card to its owner's hand and you may attach a different Battle Card from your hand to the defender.",,,3,http://metaxdb.com/images/R130-JL.jpg,,
R131-JL,Strength 4,Battle,,2,"Draw 2 cards, the discard 2 cards from your hand.",4,,,http://metaxdb.com/images/R131-JL.jpg,,
R132-JL,Strength 5,Battle,,0,"DEFEND: At the end of the turn, KO any Characters that Team Attacked this turn.",5,,,http://metaxdb.com/images/R132-JL.jpg,,
R133-JL,Strength / Intelligence 5,Battle,,-1,The next Battle Card you play this turn has its MP cost reduced by -1.,5,5,,http://metaxdb.com/images/R133-JL.jpg,,
R134-JL,Strength / Special 5,Battle,,-2,You may discard a Battle Card from your hand to draw 2 cards.,5,,5,http://metaxdb.com/images/R134-JL.jpg,,
R135-JL,Intelligence / Special 5,Battle,,-1,Place an attached Battle Card on top of its owner's deck.,,5,5,http://metaxdb.com/images/R135-JL.jpg,,
R136-JL,Strength 6,Battle,,-1,ATTACK: Push target Character.,6,,,http://metaxdb.com/images/R136-JL.jpg,,
R137-JL,Strength 7,Battle,,-2,ATTACK: Your opponent discards a card from their hand.,7,,,http://metaxdb.com/images/R137-JL.jpg,,
R138-JL,Intelligence 7,Battle,,-2,DEFEND: Your opponent loses 5 MP.,,7,,http://metaxdb.com/images/R138-JL.jpg,,
R139-JL,Special 7,Battle,,-3,"ATTACK: If this attack gains a VP, gain an additional VP.",,,7,http://metaxdb.com/images/R139-JL.jpg,,
R140-JL,Strength / Intelligence / Special 7,Battle,,3,Your opponent gains a VP.,7,7,7,http://metaxdb.com/images/R140-JL.jpg,,
XR141-JL,Wonder Woman - Princess Diana of Themyscira,Character,Hero,2,"CONSTANT: Whenever a Character's ""push"" effect is activated, negate that effect, KO that Character, and KO this card.",5,,7,http://metaxdb.com/images/XR141-JL.jpg,,
XR142-JL,Darkseid - Ruler of Apokolips,Character,Villain,0,PLAY: Your opponent discards a random card from their hand.,7,5,,http://metaxdb.com/images/XR142-JL.jpg,,
XR143-JL,Harley Quinn - Dr. Harleen Quinzel,Character,Villain,1,PUSH: KO this card to gain 1 VP.,2,,6,http://metaxdb.com/images/XR143-JL.jpg,,
XR144-JL,The Joker - Certifiably Insane,Character,Villain,3,"PLAY: Search your deck for a ""Harley Quinn"" and place it in your hand.",2,7,4,http://metaxdb.com/images/XR144-JL.jpg,,
UR145-JL,Batman - The Caped Crusader,Character,Hero,2,"PLAY: Look at the top 3 cards of a player's deck, then discard 1 of them and return the other 2 in any order.",,7,7,http://metaxdb.com/images/UR145-JL.jpg,,
UR146-JL,Superman - Last Son of Krypton,Character,Hero,3,CONSTANT: Attacking does not cause this card to push.,7,,7,http://metaxdb.com/images/UR146-JL.jpg,,
P1-JL,Strength / Intelligence / Special 1,Battle,,0,"ATTACK: If you gain a VP from this attack, you may pay -1 MP to return this card to its owner's hand.",1,1,1,http://metaxdb.com/images/P1-JL.jpg,,
P2-JL,Victorious,Event,,-9,Gain control of target Character.,,,,http://metaxdb.com/images/P2-JL.jpg,,
P3-JL,Strength / Intelligence / Special 4,Battle,,2,,4,4,4,http://metaxdb.com/images/P3-JL.jpg,,
P4-JL,Unexpected Turnaround,Event,,-8,Return all Characters to their owner's hands.,,,,http://metaxdb.com/images/P4-JL.jpg,,
P5-JL,Batman - Dark Knight,Character,Hero,3,PLAY: Push target Character.,2,7,6,http://metaxdb.com/images/P5-JL.jpg,,
P6-JL,Superman - Man of Steel,Character,Hero,2,PLAY: Draw a card.,7,3,5,http://metaxdb.com/images/P6-JL.jpg,,
P7-JL,Green Lantern - Hal Jordan,Character,Hero,2,PUSH: Draw a card.,,3,6,http://metaxdb.com/images/P7-JL.jpg,,
P8-JL,Harley Quinn - Former Psychiatrist,Character,Villain,3,"CONSTANT: When this card is KO'd by Damage during the Battle Step, gain 1 VP",2,4,5,http://metaxdb.com/images/P8-JL.jpg,,
P9-JL,Aquaman - Arthur Curry,Character,Hero,3,CONSTANT: This card cannot be targeted.,6,,5,http://metaxdb.com/images/P9-JL.jpg,,
P10-JL,The Joker - Clown Prince of Crime,Character,Villain,2,"PLAY: Each player shuffles their hand into their deck, then draws the same amount of cards back.",,6,6,http://metaxdb.com/images/P10-JL.jpg,,
P11-JL,Wonder Woman - Amazon Princess,Character,Hero,2,PUSH: Discard a card from your hand to KO target Character with a rank of 7.,6,4,6,http://metaxdb.com/images/P11-JL.jpg,,
P12-JL,Lex Luther - CEO of Lexcorp,Character,Villain,2,PLAY: KO target Character with a rank of 7.,,7,5,http://metaxdb.com/images/P12-JL.jpg,,
P13-JL,Shazam - Captain Marvel,Character,Hero,3,PUSH: Return this card to its owner's hand.,7,,5,http://metaxdb.com/images/P13-JL.jpg,,
P14-JL,Darkseid - Uxas,Character,Villain,1,"CONSTANT: The first time each turn one of your Characters with a maximum rank of 5 pushes to attack, draw a card.",,5,6,http://metaxdb.com/images/P14-JL.jpg,,
P15-JL,The Flash - Scarlet Speedster,Character,Hero,1,PLAY: This card may attack on the turn it enters play.,2,,6,http://metaxdb.com/images/P15-JL.jpg,,
P16-JL,Doomsday - Destroyer,Character,Villain,2,CONSTANT: Negate the effects of Battle Cards.,7,1,,http://metaxdb.com/images/P16-JL.jpg,,
P17-JL,Paralysis,Event,,-4,Characters cannot attack until the end of your next turn.,,,,http://metaxdb.com/images/P17-JL.jpg,,
P18-JL,Strength / Intelligence / Special 5,Battle,,-2,"If this card is used in a Team Attack, draw 2 cards.",5,5,5,http://metaxdb.com/images/P18-JL.jpg,,
P19-JL,Battle Frenzy,Event,,-4,"At the end of your turn, draw a card for each Battle Card played this turn.",,,,http://metaxdb.com/images/P19-JL.jpg,,
P20-JL,Disgraced,Event,,-5,"KO target Character with a ""constant"" effect, or draw 2 cards if there are no Characters with a ""constant"" effect in play.",,,,http://metaxdb.com/images/P20-JL.jpg,,
S1-JL,Harley Quinn - Former Psychiatrist,Character,Villain,3,"CONSTANT: When this card is KO'd by damage during the Battle Step, gain 1 VP.",2,4,5,http://metaxdb.com/images/S1-JL.jpg,,
S2-JL,Brainiac - Collector of Worlds,Character,Villain,1,PUSH: KO a different Character you control to gain 4 MP.,1,7,,http://metaxdb.com/images/S2-JL.jpg,,
S3-JL,Sinestro - Intergalactic Criminal,Character,Villain,1,"PLAY: The next time your opponent would draw 1 card, skip it.",3,,6,http://metaxdb.com/images/S3-JL.jpg,,
S4-JL,Solomon Grundy - Cyrus Gold,Character,Villain,1,CONSTANT: This card can only be KO'd by 8 points of Damage.,6,,,http://metaxdb.com/images/S4-JL.jpg,,
S5-JL,Joke's On You,Event,,-1,"Place 2 Battle Cards from your discard pile into your hand, then discard a random card from your hand.",,,,http://metaxdb.com/images/S5-JL.jpg,,
S6-JL,Push and Pull,Event,,-4,"If you control at least two Characters with a maximum rank of 5 or less, draw 3 cards.",,,,http://metaxdb.com/images/S6-JL.jpg,,
S7-JL,Transfer of Power,Event,,-3,"Use the ""when played"" effect of target Hero Character, then draw a card.",,,,http://metaxdb.com/images/S7-JL.jpg,,
S8-JL,Strength 6,Battle,,-2,,6,,,http://metaxdb.com/images/S8-JL.jpg,,
S9-JL,Strength 3,Battle,,1,,3,,,http://metaxdb.com/images/S9-JL.jpg,,
S10-JL,Strength 2,Battle,,2,,2,,,http://metaxdb.com/images/S10-JL.jpg,,
S11-JL,Strength 1,Battle,,3,,1,,,http://metaxdb.com/images/S11-JL.jpg,,
S12-JL,Intelligence 7,Battle,,-3,,,7,,http://metaxdb.com/images/S12-JL.jpg,,
S13-JL,Intelligence 4,Battle,,0,,,4,,http://metaxdb.com/images/S13-JL.jpg,,
S14-JL,Intelligence 2,Battle,,2,,,2,,http://metaxdb.com/images/S14-JL.jpg,,
S15-JL,Intelligence 1,Battle,,3,,,1,,http://metaxdb.com/images/S15-JL.jpg,,
S16-JL,Special 6,Battle,,-2,,,,6,http://metaxdb.com/images/S16-JL.jpg,,
S17-JL,Special 5,Battle,,-1,,,,5,http://metaxdb.com/images/S17-JL.jpg,,
S18-JL,Special 3,Battle,,1,,,,3,http://metaxdb.com/images/S18-JL.jpg,,
S19-JL,Superman - Man of Steel,Character,Hero,2,PLAY: Draw a card.,7,3,5,http://metaxdb.com/images/S19-JL.jpg,,
S20-JL,Supergirl - Kara Zor-El,Character,Hero,0,PLAY: Each player reveals their hand and discards all Events revealed.,6,3,,http://metaxdb.com/images/S20-JL.jpg,,
S21-JL,Krypto - The Super Dog,Character,Hero,2,"CONSTANT: At the end of each player's turn, that player draws a card.",,,5,http://metaxdb.com/images/S21-JL.jpg,,
S22-JL,Green Arrow - Emerald Archer,Character,Hero,2,PUSH: Attach a Battle Card with a maximum rank of 5 or less from your hand to target Character.,2,3,5,http://metaxdb.com/images/S22-JL.jpg,,
S23-JL,Rebirth,Event,,-1,Shuffle 3 non-Event cards from your discard pile into your deck.,,,,http://metaxdb.com/images/S23-JL.jpg,,
S24-JL,Passion for the Hunt,Event,,-2,Search your deck for a Battle Card and place it in your hand.,,,,http://metaxdb.com/images/S24-JL.jpg,,
S25-JL,Power Corrupts,Event,,-3,Attacks from target Character cannot be defended this turn.,,,,http://metaxdb.com/images/S25-JL.jpg,,
S26-JL,Strength 7,Battle,,-3,,7,,,http://metaxdb.com/images/S26-JL.jpg,,
S27-JL,Strength 6,Battle,,-2,,6,,,http://metaxdb.com/images/S27-JL.jpg,,
S28-JL,Strength 3,Battle,,1,,3,,,http://metaxdb.com/images/S28-JL.jpg,,
S29-JL,Strength 2,Battle,,2,,2,,,http://metaxdb.com/images/S29-JL.jpg,,
S30-JL,Strength 1,Battle,,3,,1,,,http://metaxdb.com/images/S30-JL.jpg,,
S31-JL,Intelligence 3,Battle,,1,,,3,,http://metaxdb.com/images/S31-JL.jpg,,
S32-JL,Intelligence 2,Battle,,2,,,2,,http://metaxdb.com/images/S32-JL.jpg,,
S33-JL,Intelligence 1,Battle,,3,,,1,,http://metaxdb.com/images/S33-JL.jpg,,
S34-JL,Special 5,Battle,,-1,,,,5,http://metaxdb.com/images/S34-JL.jpg,,
S35-JL,Special 4,Battle,,0,,,,4,http://metaxdb.com/images/S35-JL.jpg,,
S36-JL,Special 1,Battle,,3,,,,1,http://metaxdb.com/images/S36-JL.jpg,,
S37-JL,Cyborg - Victor Stone,Character,Hero,3,"PLAY: Draw 2 cards, then discard 2 cards from your hand.",4,,5,http://metaxdb.com/images/S37-JL.jpg,,
S38-JL,Green Lantern - Hal Jordan,Character,Hero,2,PUSH: Draw a card.,,3,6,http://metaxdb.com/images/S38-JL.jpg,,
S39-JL,Blue Beetle - Ted Kord,Character,Hero,4,PLAY: You may play another Character with a maximum rank of 5 or less.,3,5,,http://metaxdb.com/images/S39-JL.jpg,,
S40-JL,Vixen - Mari McCabe,Character,Hero,2,"CONSTANT: Whenever you discard 1 or more cards from your hand, draw a card.",3,,5,http://metaxdb.com/images/S40-JL.jpg,,
S41-JL,Sleight of Hand,Event,,0,"Look at your opponent's VP pile and choose a card, then swap this card facedown with the chosen card.",,,,http://metaxdb.com/images/S41-JL.jpg,,
S42-JL,Strength in Numbers,Event,,-1,"If you perform a Team Attack this turn, draw 2 cards.",,,,http://metaxdb.com/images/S42-JL.jpg,,
S43-JL,Meta Superiority,Event,,-2,Attach a Battle Card from your hand to target Character.,,,,http://metaxdb.com/images/S43-JL.jpg,,
S44-JL,Strength 4,Battle,,0,,4,,,http://metaxdb.com/images/S44-JL.jpg,,
S45-JL,Strength 3,Battle,,1,,3,,,http://metaxdb.com/images/S45-JL.jpg,,
S46-JL,Strength 2,Battle,,2,,2,,,http://metaxdb.com/images/S46-JL.jpg,,
S47-JL,Strength 1,Battle,,3,,1,,,http://metaxdb.com/images/S47-JL.jpg,,
S48-JL,Intelligence 5,Battle,,-1,,,5,,http://metaxdb.com/images/S48-JL.jpg,,
S49-JL,Intelligence 3,Battle,,1,,,3,,http://metaxdb.com/images/S49-JL.jpg,,
S50-JL,Intelligence 1,Battle,,3,,,1,,http://metaxdb.com/images/S50-JL.jpg,,
S51-JL,Special 6,Battle,,-2,,,,6,http://metaxdb.com/images/S51-JL.jpg,,
S52-JL,Special 5,Battle,,-1,,,,5,http://metaxdb.com/images/S52-JL.jpg,,
S53-JL,Special 4,Battle,,0,,,,4,http://metaxdb.com/images/S53-JL.jpg,,
S54-JL,Special 3,Battle,,1,,,,3,http://metaxdb.com/images/S54-JL.jpg,,
S55-JL,Batman - Dark Knight,Character,Hero,3,PLAY: Push target Character.,2,7,6,http://metaxdb.com/images/S55-JL.jpg,,
S56-JL,Batgirl - Barbara Gordon,Character,Hero,3,CONSTANT: This card may Link to a Team Attack for 0 MP.,4,5,,http://metaxdb.com/images/S56-JL.jpg,,
S57-JL,Nightwing - Dick Grayson,Character,Hero,3,"CONSTANT: Whenever this card leads a Team Attack, gain 1 VP.",,4,6,http://metaxdb.com/images/S57-JL.jpg,,
S58-JL,Robin - Boy Wonder,Character,Hero,2,PLAY: Draw cards until you have the same amount in your hand as your opponent.,3,,5,http://metaxdb.com/images/S58-JL.jpg,,
S59-JL,Don't Go It Alone,Event,,0,You may Link a Character this turn for 0 MP.,,,,http://metaxdb.com/images/S59-JL.jpg,,
S60-JL,Point Blank,Event,,-4,"Draw 3 cards, then discard 2 cards from your hand unless you discard a Character with a rank of 7.",,,,http://metaxdb.com/images/S60-JL.jpg,,
S61-JL,Upper Hand,Event,,-4,Draw 2 cards.,,,,http://metaxdb.com/images/S61-JL.jpg,,
S62-JL,Strength 4,Battle,,0,,4,,,http://metaxdb.com/images/S62-JL.jpg,,
S63-JL,Strength 3,Battle,,1,,3,,,http://metaxdb.com/images/S63-JL.jpg,,
S64-JL,Strength 2,Battle,,2,,2,,,http://metaxdb.com/images/S64-JL.jpg,,
S65-JL,Strength 1,Battle,,3,,1,,,http://metaxdb.com/images/S65-JL.jpg,,
S66-JL,Intelligence 7,Battle,,-3,,,7,,http://metaxdb.com/images/S66-JL.jpg,,
S67-JL,Intelligence 5,Battle,,-1,,,5,,http://metaxdb.com/images/S67-JL.jpg,,
S68-JL,Intelligence 4,Battle,,0,,,4,,http://metaxdb.com/images/S68-JL.jpg,,
S69-JL,Intelligence 1,Battle,,3,,,1,,http://metaxdb.com/images/S69-JL.jpg,,
S70-JL,Special 6,Battle,,-2,,,,6,http://metaxdb.com/images/S70-JL.jpg,,
S71-JL,Special 4,Battle,,0,,,,4,http://metaxdb.com/images/S71-JL.jpg,,
S72-JL,Special 1,Battle,,3,,,,1,http://metaxdb.com/images/S72-JL.jpg,,
C1-GL,Superman - Kal-El,Character,Hero,1,"PUSH: Discard a ""Superman"" Character Card from your hand to KO target pushed Character with a maximum rank of 6 or less.",7,,5,http://metaxdb.com/images/C1-GL.jpg,,
C2-GL,Saint Walker - The First Blue Lantern,Character,Blue Lantern,3,PUSH: Discard a Basic Battle Card from your hand to draw 2 cards and gain 1 MP.,,5,6,http://metaxdb.com/images/C2-GL.jpg,,
C3-GL,Warth - Brother Warth,Character,Blue Lantern,4,CONSTANT: Your Blue Lantern and Green Lantern Characters may use any Basic Battle Cards.,1,6,,http://metaxdb.com/images/C3-GL.jpg,,
C4-GL,Mogo - Living Planet,Character,Green Lantern,3,PUSH: Your opponent gains control of this card. This card does not Prep during its controller's next Prep Step.,1,1,1,http://metaxdb.com/images/C4-GL.jpg,,
C5-GL,Iroque - Compassionate Leader,Character,Indigo Tribe,4,"CONSTANT: Whenever a Battle Card would be attached to another Indigo Tribe Character, you may attach it to this card instead.",2,5,6,http://metaxdb.com/images/C5-GL.jpg,,
C6-GL,Munk - Indigo-2,Character,Indigo Tribe,2,"PUSH: Look at your opponent's VP Pile and choose a card, then swap a card from your hand facedown with the chosen card.",,6,5,http://metaxdb.com/images/C6-GL.jpg,,
C7-GL,Larfleeze - Powered by Avarice,Character,Orange Lantern,2,"CONSTANT: At the start of your turn, gain 1 MP for each Orange Lantern Character you control.",2,6,6,http://metaxdb.com/images/C7-GL.jpg,,
C8-GL,Dex-Starr - Dexter,Character,Red Lantern,4,"CONSTANT: Whenever a Red Lantern Character is defended by a Character with a CONSTANT effect, draw a card.",,4,5,http://metaxdb.com/images/C8-GL.jpg,,
C9-GL,Mongul - The Lesser,Character,Sinestro Corps,2,"CONSTANT: Whenever this card gains a VP, look at your opponent's hand and choose an Event to discard.",7,,4,http://metaxdb.com/images/C9-GL.jpg,,
C10-GL,Scarecrow - Master of Fear,Character,Sinestro Corps,4,PUSH: Target Character cannot defend against your Sinestro Corps Characters this turn.,,5,4,http://metaxdb.com/images/C10-GL.jpg,,
C11-GL,Carol Ferris - Queen of the Star Sapphires,Character,Star Sapphire,2,"PLAY: If you control another Star Sapphire Character, push or prep target Character.",3,6,,http://metaxdb.com/images/C11-GL.jpg,,
C12-GL,Star Sapphire - Violet Lantern,Character,Star Sapphire,3,"CONSTANT: After this card is KO'd during the Battle Step, search your deck for a Star Sapphire Character and play it.",,3,5,http://metaxdb.com/images/C12-GL.jpg,,
C13-GL,Deadman - Agent of Rama Kushna,Character,White Lantern,1,"PLAY: If you control another White Lantern Character, place up to 2 Multi-Stat Battle Cards from your discard pile in your hand.",,3,5,http://metaxdb.com/images/C13-GL.jpg,,
C14-GL,Sinestro - Possessed,Character,White Lantern,3,CONSTANT: Your Multi-Stat Battle Cards can only be defended by Characters with a maximum Rank of 6 or higher.,5,5,,http://metaxdb.com/images/C14-GL.jpg,,
C15-GL,Assault,Event,,-4,"Look at your opponent's hand and draw a card for each Event revealed. If there are no Events, KO target Character.",,,,http://metaxdb.com/images/C15-GL.jpg,,
C16-GL,Devastating Thoughts,Event,,-1,"Choose up to 3 cards from a discard pile and place them on the bottom of their owner's deck, then that player's opponent draws a card.",,,,http://metaxdb.com/images/C16-GL.jpg,,
C17-GL,Gathering Strength,Event,,-4,Draw a card for every other card you have played this turn.,,,,http://metaxdb.com/images/C17-GL.jpg,,
C18-GL,Heralds of the Corps,Event,,-1,"Look at each player's VP Pile, then draw a card.",,,,http://metaxdb.com/images/C18-GL.jpg,,
C19-GL,Lantern Synergy,Event,,-3,"If you control a Green Lantern Character, use the PUSH effect of a Character you control. If you control a Blue Lantern Character, prep a Character you control.",,,,http://metaxdb.com/images/C19-GL.jpg,,
C20-GL,Love Conquers All,Event,,-4,"If you control a Star Sapphire Character, discard any attached Battle Cards on up to 2 target Characters. Draw a card for each Battle Card discarded this way.",,,,http://metaxdb.com/images/C20-GL.jpg,,
C21-GL,Meta Superiority,Event,,-2,Attach a Battle Card from your hand to target Character.,,,,http://metaxdb.com/images/C21-GL.jpg,,
C22-GL,Moment of Peace,Event,,-2,Discard a Battle Card attached to target Character your opponent controls to return a Battle Card to its owner's hand.,,,,http://metaxdb.com/images/C22-GL.jpg,,
C23-GL,Preparations,Event,,-3,"Draw 2 cards, then end your Planning Step.",,,,http://metaxdb.com/images/C23-GL.jpg,,
C24-GL,Recharge,Event,,0,Shuffle a Character from your discard pile into your deck to draw a card.,,,,http://metaxdb.com/images/C24-GL.jpg,,
C25-GL,Transformation,Event,,0,Return a Character you control to its owner's hand. Your opponent may play a Character from their discard pile.,,,,http://metaxdb.com/images/C25-GL.jpg,,
C26-GL,Triumph,Event,,0,"If you control a White Lantern Character, choose a non-Event card from your discard pile and place it in your hand.",,,,http://metaxdb.com/images/C26-GL.jpg,,
C27-GL,Uncommon Allies,Event,,-3,"If you control a Hero Character, draw a card. If you control a Villain Character, your opponent discards a card from their hand.",,,,http://metaxdb.com/images/C27-GL.jpg,,
C28-GL,United,Event,,0,"If you control any Lantern Character, you may Link target Character this turn for 0 MP. Whenever you Link a Character this turn, draw a card.",,,,http://metaxdb.com/images/C28-GL.jpg,,
C29-GL,Upper Hand,Event,,-4,Draw 2 cards.,,,,http://metaxdb.com/images/C29-GL.jpg,,
C30-GL,Willpower,Event,,-2,"Prep target Character, then draw a card.",,,,http://metaxdb.com/images/C30-GL.jpg,,
C31-GL,Strength 1,Battle,,2,Discard the top card of each player's deck.,1,,,http://metaxdb.com/images/C31-GL.jpg,,
C32-GL,Strength 1,Battle,,-1,"If this card is defended or used as a defense, draw 2 cards.",1,,,http://metaxdb.com/images/C32-GL.jpg,,
C33-GL,Strength 2,Battle,,2,"ATTACK: If you have 2 or more Black Lantern Characters in your discard pile, discard the top 2 cards of your opponent's deck.",2,,,http://metaxdb.com/images/C33-GL.jpg,,
C34-GL,Strength 2,Battle,,2,ATTACK: Your Sinestro Corps Characters cannot be targeted by an opponent's effects until the end of your next turn.,2,,,http://metaxdb.com/images/C34-GL.jpg,,
C35-GL,Strength 3,Battle,,-2,"ATTACK: If this card is defended, discard the top 2 cards of each player's deck.",3,,,http://metaxdb.com/images/C35-GL.jpg,,
C36-GL,Strength 4,Battle,,1,ATTACK: Multi-Stat Battle Cards cannot be played this turn.,4,,,http://metaxdb.com/images/C36-GL.jpg,,
C37-GL,Strength 5,Battle,,-1,Push target Character with Damage attached.,5,,,http://metaxdb.com/images/C37-GL.jpg,,
C38-GL,Strength 5,Battle,,-2,"Until the end of your next turn, negate the effects of any non-Strength Battle Cards.",5,,,http://metaxdb.com/images/C38-GL.jpg,,
C39-GL,Strength 6,Battle,,-2,ATTACK: This attack can only be defended by a Character with a maximum rank of 6 or higher.,6,,,http://metaxdb.com/images/C39-GL.jpg,,
C40-GL,Strength 7,Battle,,-1,"If a deck has been searched this turn, your opponent discards a card from their hand.",7,,,http://metaxdb.com/images/C40-GL.jpg,,
C41-GL,Intelligence 1,Battle,,2,"ATTACK: If this card gains a VP and is not defended, you may place a card from a discard pile on top of its owner's deck.",,1,,http://metaxdb.com/images/C41-GL.jpg,,
C42-GL,Intelligence 2,Battle,,1,"Shuffle up to 2 cards from your opponent's discard pile into their deck, then draw a card.",,2,,http://metaxdb.com/images/C42-GL.jpg,,
C43-GL,Intelligence 2,Battle,,0,"If you control an Orange Lantern Character, each player draws 2 cards.",,2,,http://metaxdb.com/images/C43-GL.jpg,,
C44-GL,Intelligence 3,Battle,,3,Look at a VP Pile.,,3,,http://metaxdb.com/images/C44-GL.jpg,,
C45-GL,Intelligence 3,Battle,,3,DEFEND: Your Blue Lantern Characters may defend without playing a Battle Card this turn.,,3,,http://metaxdb.com/images/C45-GL.jpg,,
C46-GL,Intelligence 4,Battle,,2,"If this card is used by an Indigo Tribe Character, swap a card from your discard pile facedown with a random card in your opponent's VP Pile.",,4,,http://metaxdb.com/images/C46-GL.jpg,,
C47-GL,Intelligence 5,Battle,,1,DEFEND: You may discard a card from your hand to return this card to your hand.,,5,,http://metaxdb.com/images/C47-GL.jpg,,
C48-GL,Intelligence 5,Battle,,-2,DEFEND: You may swap a card from your hand facedown with a random card in your opponent's VP Pile.,,5,,http://metaxdb.com/images/C48-GL.jpg,,
C49-GL,Intelligence 6,Battle,,0,"ATTACK: Reveal the top card of your deck. If the revealed card is an Event, place it in your hand.",,6,,http://metaxdb.com/images/C49-GL.jpg,,
C50-GL,Intelligence 7,Battle,,-1,Place a non-Event card from a discard pile on top of its owner's deck.,,7,,http://metaxdb.com/images/C50-GL.jpg,,
C51-GL,Special 1,Battle,,1,Return an attached Battle Card to its owner's hand.,,,1,http://metaxdb.com/images/C51-GL.jpg,,
C52-GL,Special 2,Battle,,0,"DEFEND: If your opponent has more than 5 MP, gain 5 MP.",,,2,http://metaxdb.com/images/C52-GL.jpg,,
C53-GL,Special 3,Battle,,-2,ATTACK: Draw a card for each CONSTANT effect Character you control.,,,3,http://metaxdb.com/images/C53-GL.jpg,,
C54-GL,Special 4,Battle,,1,"DEFEND: If you control a Blue Lantern Character, prep up to 2 target Characters.",,,4,http://metaxdb.com/images/C54-GL.jpg,,
C55-GL,Special 4,Battle,,-2,"ATTACK: If you did not play a Character this turn, this attack can only be defended by a Battle Card with a rank of 5 or higher.",,,4,http://metaxdb.com/images/C55-GL.jpg,,
C56-GL,Special 5,Battle,,0,Draw a card for each Basic Battle Card that has been played this turn.,,,5,http://metaxdb.com/images/C56-GL.jpg,,
C57-GL,Special 5,Battle,,0,Discard an Orange Lantern Character from your hand to discard a random card from your opponent's hand.,,,5,http://metaxdb.com/images/C57-GL.jpg,,
C58-GL,Special 6,Battle,,-2,Search your discard pile for a Star Sapphire Character and place it in your hand.,,,6,http://metaxdb.com/images/C58-GL.jpg,,
C59-GL,Special 7,Battle,,0,"ATTACK: If you control three different Traits, place target Character outside of the Battle Zone on top of its owner's deck.",,,7,http://metaxdb.com/images/C59-GL.jpg,,
C60-GL,Special 7,Battle,,-1,"If you have played two Basic Battle Cards this turn, gain 1 VP.",,,7,http://metaxdb.com/images/C60-GL.jpg,,
U61-GL,Hal Jordan - Former Test Pilot,Character,Hero,3,"CONSTANT: Whenever this card pushes to attack, each player draws a card.",3,6,,http://metaxdb.com/images/U61-GL.jpg,,
U62-GL,Saint Walker - The Power of Hope,Character,Blue Lantern,2,CONSTANT: Negate any effects that would discard 1 or more cards from a player's hand.,,4,6,http://metaxdb.com/images/U62-GL.jpg,,
U63-GL,Nekron - Death Entity,Character,Black Lantern,2,PUSH: Discard a random card from your VP Pile to discard the top 2 cards of your opponent's deck.,3,,7,http://metaxdb.com/images/U63-GL.jpg,,
U64-GL,Green Lantern - Abin Sur,Character,Green Lantern,4,CONSTANT: Your Green Lantern Characters may use PUSH effects the same turn they enter play.,3,5,,http://metaxdb.com/images/U64-GL.jpg,,
U65-GL,Green Lantern - Green Gladiator,Character,Green Lantern,1,PUSH: Place this card on top of its owner's deck to search your deck for a Battle Card and place it in your hand.,3,3,6,http://metaxdb.com/images/U65-GL.jpg,,
U66-GL,Green Lantern - Guy Gardner,Character,Green Lantern,3,"CONSTANT: Whenever this Character pushes to attack, push target Character with a maximum rank of 5.",3,3,5,http://metaxdb.com/images/U66-GL.jpg,,
U67-GL,Green Lantern - Kilowog,Character,Green Lantern,1,"CONSTANT: Whenever this card Links to a Team Attack, push target Character.",6,5,6,http://metaxdb.com/images/U67-GL.jpg,,
U68-GL,Green Lantern - Kyle Rayner,Character,Green Lantern,2,PLAY: Prep all Characters you control.,,4,6,http://metaxdb.com/images/U68-GL.jpg,,
U69-GL,Green Lantern - Sinestro,Character,Green Lantern,3,PLAY: Return target pushed Character to its owner's hand.,2,,5,http://metaxdb.com/images/U69-GL.jpg,,
U70-GL,Green Lantern - Tomar-Re,Character,Green Lantern,2,PUSH: Push or prep target Character you control.,,3,5,http://metaxdb.com/images/U70-GL.jpg,,
U71-GL,Kilowogg - Drill Sergeant,Character,Green Lantern,0,PUSH: Reveal a Green Lantern Character from your hand and KO this card to place a Character your opponent controls on top of its owner's deck.,,3,6,http://metaxdb.com/images/U71-GL.jpg,,
U72-GL,Green Lantern - Jade,Character,Green Lantern,0,"PUSH: If your hand has exactly 3 cards in it, draw 2 cards.",3,,6,http://metaxdb.com/images/U72-GL.jpg,,
U73-GL,Larfleeze - Orange God,Character,Orange Lantern,0,"PLAY: If you control another Orange Lantern Character, you may KO all Characters with a maximum Rank of 5.",1,,5,http://metaxdb.com/images/U73-GL.jpg,,
U74-GL,Atrocitus - Survivor,Character,Red Lantern,2,"CONSTANT: Whenever this card leaves play during the Planning Step, draw 2 cards.",6,4,,http://metaxdb.com/images/U74-GL.jpg,,
U75-GL,Bleez - Crown Princess,Character,Red Lantern,2,"CONSTANT: The first time each turn another Character is KO'd, draw a card.",5,,6,http://metaxdb.com/images/U75-GL.jpg,,
U76-GL,Guy Gardner - Sector 2814,Character,Red Lantern,0,PLAY: Play a Red Lantern Character with a Special Stat from your hand or discard pile.,6,4,,http://metaxdb.com/images/U76-GL.jpg,,
U77-GL,Beware Your Fears,Event,,-1,Negate the effects of Battle Cards used to defend against Sinestro Corps and Black Lantern Characters this turn. Draw a card.,,,,http://metaxdb.com/images/U77-GL.jpg,,
U78-GL,Blood and Rage,Event,,-3,"If you control only Red Lantern Characters, only Red Lantern Characters may declare attacks until the end of your next turn.",,,,http://metaxdb.com/images/U78-GL.jpg,,
U79-GL,Burn You All,Event,,-4,"If you control a Red Lantern Character, discard the top 3 cards of your deck to KO target Character.",,,,http://metaxdb.com/images/U79-GL.jpg,,
U80-GL,Communion,Event,,-1,"If you control an Indigo Tribe Character, your opponent swaps a random card from their hand facedown with a random card in your VP Pile. Draw a card.",,,,http://metaxdb.com/images/U80-GL.jpg,,
U81-GL,Green Lantern's Light,Event,,0,Search your deck for a Green Lantern Character with a maximum rank of 6 or less and place it in your hand.,,,,http://metaxdb.com/images/U81-GL.jpg,,
U82-GL,Hope Burns Bright,Event,,-1,"If you control a Blue Lantern Character, search your deck for a Blue Lantern or Green Lantern Character and place it in your hand.",,,,http://metaxdb.com/images/U82-GL.jpg,,
U83-GL,In Blackest Night,Event,,-3,"If you control a Sinestro Corps Character, place a random card from your opponentâ€™s hand on top of their deck.",,,,http://metaxdb.com/images/U83-GL.jpg,,
U84-GL,In Brightest Day,Event,,-1,"Discard a Green Lantern Character from your hand to draw 2 cards, then shuffle this card into its owner's deck.",,,,http://metaxdb.com/images/U84-GL.jpg,,
U85-GL,In Raging Night,Event,,0,"KO a Blue Lantern Character you control to draw 2 cards. If you have 10 MP, you may reveal a Blue Lantern Character from your hand to KO target Character.",,,,http://metaxdb.com/images/U85-GL.jpg,,
U86-GL,Man Beyond Tomorrow,Event,,0,"Search your deck for a ""Superman"" Character and place it in your hand.",,,,http://metaxdb.com/images/U86-GL.jpg,,
U87-GL,Not Yours!,Event,,-4,Each player draws up to 2 cards. You may discard an Orange Lantern Character from your hand to draw 3 cards.,,,,http://metaxdb.com/images/U87-GL.jpg,,
U88-GL,Power Players,Event,,-2,Target Character loses all effects until that Character leaves play.,,,,http://metaxdb.com/images/U88-GL.jpg,,
U89-GL,Sifting Through the Wreckage,Event,,-1,Place a Battle Card from your discard pile into your hand. Your Battle Card effects are negated this turn.,,,,http://metaxdb.com/images/U89-GL.jpg,,
U90-GL,The Darkness Grows,Event,,-4,Place a Black Lantern Character from your discard pile facedown into your opponent's VP Pile to gain 1 VP and 4 MP. Draw a card.,,,,http://metaxdb.com/images/U90-GL.jpg,,
U91-GL,What's Mine Is Mine,Event,,-5,"Your Characters cannot be targeted until the end of your next turn. If you control an Orange Lantern Character, draw 3 cards.",,,,http://metaxdb.com/images/U91-GL.jpg,,
U92-GL,Strength 2,Battle,,3,The next Multi-Stat Battle Card you play this turn has its MP cost reduced to 0.,2,,,http://metaxdb.com/images/U92-GL.jpg,,
U93-GL,Strength 3,Battle,,0,"If you control a Green Lantern Character, push target Character with Damage attached.",3,,,http://metaxdb.com/images/U93-GL.jpg,,
U94-GL,Strength 4,Battle,,1,ATTACK: Battle Cards cannot be attached to your Red Lantern Characters this turn.,4,,,http://metaxdb.com/images/U94-GL.jpg,,
U95-GL,Intelligence 1,Battle,,-1,"Look at the top 2 cards of your deck and return them to the top or bottom of your deck, then draw the bottom card of your deck.",,1,,http://metaxdb.com/images/U95-GL.jpg,,
U96-GL,Intelligence 3,Battle,,-1,"If this card is used by a White Lantern Character, you may set your MP to the same total as that of your opponent.",,3,,http://metaxdb.com/images/U96-GL.jpg,,
U97-GL,Intelligence 5,Battle,,0,"ATTACK: If you control a Sinestro Corps Character, Events cost an additional -2 MP until the end of your next turn.",,5,,http://metaxdb.com/images/U97-GL.jpg,,
U98-GL,Special 4,Battle,,-1,"DEFEND: If the Character using this card is KO'd this turn, search your deck for a Character with a maximum rank of 5 and place it in your hand.",,,4,http://metaxdb.com/images/U98-GL.jpg,,
U99-GL,Special 5,Battle,,2,DEFEND: Search your discard pile for a Basic Battle Card and place it in your hand.,,,5,http://metaxdb.com/images/U99-GL.jpg,,
U100-GL,Special 6,Battle,,-2,"If this card is used by a Black Lantern Character, you opponent chooses to discard a card from their hand or discard the top 3 cards of their deck.",,,6,http://metaxdb.com/images/U100-GL.jpg,,
R101-GL,Sinestro - Tyrant,Character,Sinestro Corps,3,"CONSTANT: If this card is defended, KO the defending Character at the end of the turn.",,5,5,http://metaxdb.com/images/R101-GL.jpg,,
R102-GL,Green Arrow - Hand of Death,Character,Black Lantern,1,PLAY: Choose for all players to discard a card from their hand or for all players to KO a Character they control,5,,6,http://metaxdb.com/images/R102-GL.jpg,,
R103-GL,Black Hand - William Hand,Character,Black Lantern,2,PLAY: Negate the effects of target Character until this card leaves play.,,7,6,http://metaxdb.com/images/R103-GL.jpg,,
R104-GL,Kyle Rayner - Beacon of Hope,Character,Blue Lantern,1,PLAY: Search your deck for 2 Basic Battle Cards and place them in your hand.,,3,7,http://metaxdb.com/images/R104-GL.jpg,,
R105-GL,Saint Walker - Bro'Dee Walker,Character,Blue Lantern,2,"CONSTANT: After you play a Basic Battle Card, gain +2 MP.",2,4,6,http://metaxdb.com/images/R105-GL.jpg,,
R106-GL,Green Lantern - John Stewart,Character,Green Lantern,3,CONSTANT: This card can only be KO'd by an HP KO.,3,6,,http://metaxdb.com/images/R106-GL.jpg,,
R107-GL,Atom - Sector 2814,Character,Indigo Tribe,2,PLAY: Use the PLAY effect of target Character your opponent controls.,,7,5,http://metaxdb.com/images/R107-GL.jpg,,
R108-GL,Iroque - Indigo-1,Character,Indigo Tribe,3,"CONSTANT: While you control another Indigo Tribe Character, your opponent's CONSTANT effects are negated.",3,4,6,http://metaxdb.com/images/R108-GL.jpg,,
R109-GL,Agent Orange - Ogatoo Thief,Character,Orange Lantern,3,"CONSTANT: Whenever an opponent draws 1 or more cards during the Planning Step, draw a card.",3,3,7,http://metaxdb.com/images/R109-GL.jpg,,
R110-GL,Hal Jordan - Insatiable Greed,Character,Orange Lantern,3,CONSTANT: Negate any effects that would gain a VP.,1,4,6,http://metaxdb.com/images/R110-GL.jpg,,
R111-GL,Atrocitus - Atros,Character,Red Lantern,1,"PLAY: Draw 2 cards, then KO a Character you control.",6,6,6,http://metaxdb.com/images/R111-GL.jpg,,
R112-GL,Lyssa Drak - Bookkeeper,Character,Sinestro Corps,3,"PLAY: You may reveal a Character from your hand. If that Character is a Sinestro Corps Character, your opponent loses 4 MP.",,5,6,http://metaxdb.com/images/R112-GL.jpg,,
R113-GL,The Anti-Monitor - Guardian of Fear,Character,Sinestro Corps,1,"PUSH: Place this card in your opponent's VP Pile facedown to shuffle all Characters into their owner's decks, then end your turn.",,,7,http://metaxdb.com/images/R113-GL.jpg,,
R114-GL,Star Sapphire - Carol Ferris,Character,Star Sapphire,2,"CONSTANT: Whenever one of your Star Sapphire Characters is targeted, draw a card.",3,4,6,http://metaxdb.com/images/R114-GL.jpg,,
R115-GL,Wonder Woman - Ambassador of Peace,Character,Star Sapphire,2,"PLAY: If you control fewer Characters than your opponent, you may play a Star Sapphire Character from your hand.",,4,7,http://metaxdb.com/images/R115-GL.jpg,,
R116-GL,Kyle Rayner - Defender of Peace,Character,White Lantern,1,PLAY: Discard all attached non-Multi-Stat Battle Cards.,2,4,7,http://metaxdb.com/images/R116-GL.jpg,,
R117-GL,Beware My Power,Event,,-4,Draw a card for each Lantern Character you control.,,,,http://metaxdb.com/images/R117-GL.jpg,,
R118-GL,Black Hole,Event,,-4,"At the end of your turn, draw a card for each Character that was KO'd this turn.",,,,http://metaxdb.com/images/R118-GL.jpg,,
R119-GL,Burst of Power,Event,,-2,"Shuffle any number of cards from your hand into your deck, then draw the same amount back.",,,,http://metaxdb.com/images/R119-GL.jpg,,
R120-GL,Coming Storm,Event,,-5,Your Characters may attack with Rank 5 or higher Battle Cards from your discard pile this turn.,,,,http://metaxdb.com/images/R120-GL.jpg,,
R121-GL,Endless Brawl,Event,,-1,"At the end of the Battle Step, KO all Characters in the Battle Zone.",,,,http://metaxdb.com/images/R121-GL.jpg,,
R122-GL,Heroism,Event,,-4,Draw 2 cards for each pushed Character you control.,,,,http://metaxdb.com/images/R122-GL.jpg,,
R123-GL,Join Our Fight,Event,,-2,"If you control fewer Characters than your opponent, push target Character and you may play a Star Sapphire Character from your hand.",,,,http://metaxdb.com/images/R123-GL.jpg,,
R124-GL,Legion of Doom,Event,,0,Discard a Villain Character from your hand to search your deck for 2 Villain Characters and place them into your hand.,,,,http://metaxdb.com/images/R124-GL.jpg,,
R125-GL,Power Ring,Event,,-4,Discard any Lantern Character from your hand to return target Character to its owner's hand.,,,,http://metaxdb.com/images/R125-GL.jpg,,
R126-GL,Purifying Shield,Event,,-5,Discard a White Lantern Character from your hand to discard all attached Battle Cards and a random card from your opponent's VP Pile.,,,,http://metaxdb.com/images/R126-GL.jpg,,
R127-GL,Shifting the Meta,Event,,-5,Choose an attached Battle Card and attach it to another Character.,,,,http://metaxdb.com/images/R127-GL.jpg,,
R128-GL,The Dead Shall Rise,Event,,-1,Discard a Black Lantern Character from your hand to play an Event from your opponent's discard pile at 0 MP cost.,,,,http://metaxdb.com/images/R128-GL.jpg,,
R129-GL,Strength 5,Battle,,0,Discard a card from your hand to draw 2 cards.,5,,,http://metaxdb.com/images/R129-GL.jpg,,
R130-GL,Strength 6,Battle,,-1,ATTACK: You may Link target Character to a Team Attack this turn for 0 MP.,6,,,http://metaxdb.com/images/R130-GL.jpg,,
R131-GL,Strength 7,Battle,,0,ATTACK: This card may be played by any Red Lantern Character.,7,,,http://metaxdb.com/images/R131-GL.jpg,,
R132-GL,Intelligence 4,Battle,,0,"DEFEND: If your opponent declared a Team Attack this turn, discard a random card from your opponent's VP Pile.",,4,,http://metaxdb.com/images/R132-GL.jpg,,
R133-GL,Intelligence 7,Battle,,-4,"DEFEND: Discard target Battle Card in the Battle Zone, then return its user to its owner's hand.",,7,,http://metaxdb.com/images/R133-GL.jpg,,
R134-GL,Intelligence 7,Battle,,-9,DEFEND: End the Battle Step (Damage is not assigned).,,7,,http://metaxdb.com/images/R134-GL.jpg,,
R135-GL,Special 4,Battle,,1,"ATTACK: If this card is used by a Sinestro Corps Character, you may push target Character with a Rank of 7.",,,4,http://metaxdb.com/images/R135-GL.jpg,,
R136-GL,Special 6,Battle,,-1,"ATTACK: If this card is used by a Green Lantern Character and is not defended, return it to your hand after gaining a VP.",,,6,http://metaxdb.com/images/R136-GL.jpg,,
R137-GL,Special 7,Battle,,-2,Draw 2 cards.,,,7,http://metaxdb.com/images/R137-GL.jpg,,
R138-GL,Strength / Intelligence / Special 5,Battle,,-1,Shuffle a White Lantern Character from your discard pile into your deck to return an attached Battle Card to its owner's hand.,5,5,5,http://metaxdb.com/images/R138-GL.jpg,,
R139-GL,Strength / Intelligence / Special 6,Battle,,-3,"If you control 3 Characters with the same Trait, draw 2 cards.",6,6,6,http://metaxdb.com/images/R139-GL.jpg,,
R140-GL,Strength / Intelligence / Special 7,Battle,,-4,"If this card is used by a Lantern Character, gain +5 MP.",7,7,7,http://metaxdb.com/images/R140-GL.jpg,,
XR141-GL,Batman - Reanimated,Character,Black Lantern,3,"CONSTANT: Whenever this card gains a VP, discard the top 2 cards of your oppenent's deck.",3,3,6,http://metaxdb.com/images/XR141-GL.jpg,,
XR142-GL,Parallax - Hal Jordan,Character,Sinestro Corps,2,CONSTANT: Battle Cards with a rank of 3 or less cannot be attached to this card.,4,6,7,http://metaxdb.com/images/XR142-GL.jpg,,
XR143-GL,Sinestro - Master Tactician,Character,Sinestro Corps,1,PLAY: Shuffle two Characters with a maximum rank of 5 from your discard pile into your deck to KO target Character.,2,3,7,http://metaxdb.com/images/XR143-GL.jpg,,
XR144-GL,Superman - Protector of Life,Character,White Lantern,1,PLAY: Choose a Battle Card that is attached to a White Lantern Character and attach it to another Character.,7,4,,http://metaxdb.com/images/XR144-GL.jpg,,
UR145-GL,Superboy-Prime - Unstoppable,Character,Villain,2,CONSTANT: Negate any effect that would search a deck. At the start of each of your turns you may name a Trait. This card gains that Trait until a new Trait is named by this effect.,7,2,6,http://metaxdb.com/images/UR145-GL.jpg,,
UR146-GL,Green Lantern - Emerald Knight,Character,Green Lantern,2,PLAY: Search your deck for a Green Lantern Character and place it in your hand.,,3,7,http://metaxdb.com/images/UR146-GL.jpg,,
P1-GL,Blood and Rage,Event,,-3,"If you control only Red Lantern Characters, only Red Lantern Characters may declare attacks until the end of your next turn.",,,,http://metaxdb.com/images/P1-GL.jpg,,
P2-GL,Special 4,Battle,,-2,"ATTACK: If you did not play a Character this turn, this attack can only be defended by a Battle Card with a rank of 5 or higher.",,,4,http://metaxdb.com/images/P2-GL.jpg,,
P3-GL,Heralds of the Corps,Event,,-1,"Look at each player's VP Pile, then draw a card.",,,,http://metaxdb.com/images/P3-GL.jpg,,
P4-GL,Special 5,Battle,,2,DEFEND: Search your discard pile for a Basic Battle Card and place it in your hand.,,,5,http://metaxdb.com/images/P4-GL.jpg,,
P5-GL,Power Players,Event,,-2,Target Character loses all effects until that Character leaves play.,,,,http://metaxdb.com/images/P5-GL.jpg,,
P6-GL,Strength 5,Battle,,-2,"Until the end of your next turn, negate the effects of any non-Strength Battle Cards.",5,,,http://metaxdb.com/images/P6-GL.jpg,,
P7-GL,The Darkness Grows,Event,,-4,Place a Black Lantern Character from your discard pile facedown into your opponent's VP Pile to gain 1 VP and 4 MP. Draw a card.,,,,http://metaxdb.com/images/P7-GL.jpg,,
P8-GL,Special 5,Battle,,0,Discard an Orange Lantern Character from your hand to discard a random card from your opponent's hand.,,,5,http://metaxdb.com/images/P8-GL.jpg,,
P9-GL,Green Lantern - Green Gladiator,Character,Green Lantern,1,PUSH: Place this card on top of its owner's deck to search your deck for a Battle Card and place it in your hand.,3,3,6,http://metaxdb.com/images/P9-GL.jpg,,
P10-GL,Special 6,Battle,,-2,"If this card is used by a Black Lantern Character, you opponent chooses to discard a card from their hand or discard the top 3 cards of their deck.",,,6,http://metaxdb.com/images/P10-GL.jpg,,
C5-AT,Kitz Woermann - Paranoid,Character,Garrison Regiment,3,PLAY: Place a card from your discard pile on the bottom of your deck.,5,3,,http://metaxdb.com/images/C5-AT.jpg,https://www.reddit.com/r/metaxTCG/comments/82h15x/attack_on_titan_subreddit_exclusive_previews/,MetaX TCG Subreddit
C15-AT,Towering Titan - Hungry,Character,Titan,3,CONSTANT: This card cannot be TKO'd.,8,,,http://metaxdb.com/images/C15-AT.jpg,https://paninigames.com/2018/03/06/aot-previews-titan-time/,Panini Games Blog
C16-AT,Backup,Event,,-2,"Place a Character from your discard pile on the bottom of your deck, then place a Character from your discard pile on top of your deck.",,,,http://metaxdb.com/images/C16-AT.jpg,https://www.reddit.com/r/metaxTCG/comments/82h15x/attack_on_titan_subreddit_exclusive_previews/,MetaX TCG Subreddit
C19-AT,Devour,Event,,0,Gain 2 MP for each Titan Character you control.,,,,http://metaxdb.com/images/C19-AT.jpg,https://paninigames.com/2018/03/06/aot-previews-titan-time/,Panini Games Blog
C28-AT,Rank and File,Event,,-2,Discard a card from your hand to draw the bottom 2 cards of your deck.,,,,http://metaxdb.com/images/C28-AT.jpg,https://www.reddit.com/r/metaxTCG/comments/82h15x/attack_on_titan_subreddit_exclusive_previews/,MetaX TCG Subreddit
C51-AT,Strength 5,Battle,,-1,"ATTACK: If this card is used in a Team Attack, discard a random card from your opponent's hand.",5,,,http://metaxdb.com/images/C51-AT.jpg,https://www.facebook.com/groups/MetaXTCGCommunity/permalink/1651571328269742/,MetaX TCG Community
C59-AT,Special 7,Battle,,0,ATTACK: This card may be played by any Character leading a Team Attack.,,,7,http://metaxdb.com/images/C59-AT.jpg,https://www.facebook.com/groups/MetaXTCGCommunity/permalink/1652045244889017/,RetroDBZ
U75-AT,Potato,Event,,-2,"Whenever a Scout Regiment or Cadet Corps Character is played this turn, draw a card",,,,http://metaxdb.com/images/U75-AT.jpg,https://paninigames.com/2018/03/02/__trashed/,Panini Games Blog
U77-AT,Diversity,Event,,-5,"If you control 2 or more different Traits, seach your discard pile for a Character and Battle Card and place them in your hand.",,,,http://metaxdb.com/images/U77-AT.jpg,https://paninigames.com/2018/03/02/__trashed/,Panini Games Blog
U79-AT,Teamwork,Event,,-2,"At the end of your turn, prep all Characters that were involved in a Team Attack this turn. Draw a card.",,,,http://metaxdb.com/images/U79-AT.jpg,https://www.facebook.com/groups/MetaXTCGCommunity/permalink/1651571328269742/,MetaX TCG Community
U80-AT,Wall Breach,Event,,-1,Characters with a maximum rank of 5 of less may not defend Titan Characters this turn. Draw a card.,,,,http://metaxdb.com/images/U80-AT.jpg,http://www.tak-games.com.au/2018/03/metax-tcg-attack-on-titan-preview-1/,TAK Games
U89-AT,Strength 3,Battle,,1,Negate the effects of all non-Titan Characters until the end of the turn.,3,,,http://metaxdb.com/images/U89-AT.jpg,https://paninigames.com/2018/03/06/aot-previews-titan-time/,Panini Games Blog
R108-AT,Sasha Braus - Potato Girl,Character,Cadet Corps,1,"PLAY: Search your discard pile for a ""Potato"" and place it in your hand.",3,,5,http://metaxdb.com/images/R108-AT.jpg,https://paninigames.com/2018/03/02/__trashed/,Panini Games Blog
R109-AT,Big Mouth Titan,Character,Titan,0,CONSTANT: Your other Titan Characters cannot be targeted.,7,1,3,http://metaxdb.com/images/R109-AT.jpg,http://www.tak-games.com.au/2018/03/metax-tcg-attack-on-titan-preview-1/,TAK Games
R110-AT,Crawling Titan - Suprisingly Quick,Character,Titan,3,CONSTANT: Your Titan Characters may play any Battle Cards.,6,1,3,http://metaxdb.com/images/R110-AT.jpg,https://paninigames.com/2018/03/06/aot-previews-titan-time/,Panini Games Blog
R112-AT,Brutality,Event,,-7,"If you control three Titan Characters, target 4 Characters and KO them.",,,,http://metaxdb.com/images/R112-AT.jpg,https://paninigames.com/2018/03/06/aot-previews-titan-time/,Panini Games Blog
R122-AT,Steam,Event,,-3,Search your opponent's VP Pile for a Titan Character and play it.,,,,http://metaxdb.com/images/R122-AT.jpg,https://paninigames.com/2018/03/06/aot-previews-titan-time/,Panini Games Blog
R124-AT,Volley,Event,,-3,"Reveal your hand. If no Battle Cards are revealed, search your deck for up to 2 Battle Cards with a rank of 2 and place them in your hand.",,,,http://metaxdb.com/images/R124-AT.jpg,https://www.facebook.com/groups/MetaXTCGCommunity/permalink/1652699101490298/,MetaX TCG Community
R125-AT,Special 1,Battle,,0,Draw the bottom card of your deck.,,,1,http://metaxdb.com/images/R125-AT.jpg,https://www.reddit.com/r/metaxTCG/comments/82h15x/attack_on_titan_subreddit_exclusive_previews/,MetaX TCG Subreddit
R128-AT,Strength 2,Battle,,0,"DEFEND: If this card is attached to a damaged Character this turn, KO it.",2,,,http://metaxdb.com/images/R128-AT.jpg,http://metaxdb.com/card/R128-AT,MetaX DB
R131-AT,Strength / Intelligence / Special 3,Battle,,0,"If this card is used by a Character with a maximum rank of 7 or higher, draw a card.",3,3,3,http://metaxdb.com/images/R131-AT.jpg,http://www.tak-games.com.au/2018/03/metax-tcg-attack-on-titan-preview-1/,TAK Games
XR141-AT,Armored Titan - Wallbreaker,Character,Titan,0,CONSTANT: Your opponent must discard a card from their hand to assign a defender to this card.,7,5,4,http://metaxdb.com/images/XR141-AT.jpg,https://paninigames.com/2018/03/06/aot-previews-titan-time/,Panini Games Blog
XR142-AT,Colossal Titan - God of Destruction,Character,Titan,1,"PLAY: Reveal each player's hand, then choose a revealed Battle Card with a rank of 2 or less to discard.",9,5,5,http://metaxdb.com/images/XR142-AT.jpg,https://paninigames.com/2018/03/02/__trashed/,Panini Games Blog
XR143-AT,Eren Jaeger - Mysterious Titan,Character,Titan,2,"CONSTANT: At the end of your turn, discard any Battle Cards with a rank of 4 or less attached to this card.",8,,7,http://metaxdb.com/images/XR143-AT.jpg,https://paninigames.com/2018/03/06/aot-previews-titan-time/,Panini Games Blog
XR144-AT,Female Titan - Hardened Warrior,Character,Titan,1,"CONSTANT: After this card is KO'd by an effect, you may pay -2 MP, if you do, you may play this card from your discard pile at the end of the turn.",7,,7,http://metaxdb.com/images/XR144-AT.jpg,https://paninigames.com/2018/03/06/aot-previews-titan-time/,Panini Games Blog
UR146-AT,Mikasa Ackermann - Battle Genius,Character,Scout Regiment,2,PLAY: Search your deck for a ATTACK Battle Card and place it in your hand.,,4,7,http://metaxdb.com/images/UR146-AT.jpg,https://www.facebook.com/PaniniGames/photos/a.1821657948150235.1073741828.1819851538330876/1942637999385562/,Panini Games Facebook